<?xml version="1.0" encoding="UTF-8"?>
<!DOCTYPE hibernate-configuration PUBLIC
		"-//Hibernate/Hibernate Configuration DTD 3.0//EN"
		"http://hibernate.sourceforge.net/hibernate-configuration-3.0.dtd">
<hibernate-configuration>
    <session-factory>
        <property name="hibernate.connection.driver_class">com.mysql.cj.jdbc.Driver</property>
        <property name="hibernate.connection.password">082021</property>
        <property name="hibernate.connection.url">jdbc:mysql://localhost:3306/Banking_Domain_MVC</property>
        <property name="hibernate.connection.username">root</property>
        <property name="hibernate.dialect">org.hibernate.dialect.MySQLDialect</property>
        <property name="hibernate.connection.pool_size">50</property>    
      	<property name="show_sql">true</property> 
      	<property name="hibernate.hbm2ddl.auto" value="update"/>
	       <mapping class = "Banking_Domain.Bean_Account"/>
	       <mapping class = "Banking_Domain.Bean_Bank"/>      
	       <mapping class = "Banking_Domain.Bean_Customer"/>      
	       <mapping class = "Banking_Domain.Bean_Employee"/>      
	       <mapping class = "Banking_Domain.Bean_Loan"/>      
	       
    </session-factory>    
</hibernate-configuration>
