<?xml version="1.0" encoding="UTF-8"?>
<!DOCTYPE hibernate-configuration PUBLIC
		"-//Hibernate/Hibernate Configuration DTD 3.0//EN"
		"http://hibernate.sourceforge.net/hibernate-configuration-3.0.dtd">
<hibernate-configuration>
    <session-factory>
        <property name="hibernate.connection.driver_class">com.mysql.cj.jdbc.Driver</property>
        <property name="hibernate.connection.password">1rv20mc076</property>
        <property name="hibernate.connection.url">jdbc:mysql://172.16.34.105:3306/1rv20mc076</property>
        <property name="hibernate.connection.username">1rv20mc076</property>
        <property name="hibernate.dialect">org.hibernate.dialect.MySQLDialect</property>
        <property name="hibernate.connection.pool_size">10</property>    
      	<property name="show_sql">true</property> 
           <mapping class = "Banking_Domain.Bean_Account"/>      
           <mapping class = "Banking_Domain.Bean_Bank"/>  
           <mapping class = "Banking_Domain.Bean_Customer"/>  
           <mapping class = "Banking_Domain.Bean_Employee"/>  
           <mapping class = "Banking_Domain.Bean_Loan"/>   
    </session-factory>    
</hibernate-configuration>
